id_lote,Fraccionamiento,ClaveLote,tipo,manzana,lote,Seccion
2,5,RO-6-03-10,L ,6,03-10,
3,5,RO-8-01-01,L,8,01-01,
4,5,RO-10-01-02,L ,10,01-02,
5,5,RO-1-02-04,L ,1,02-04,
6,5,RO-1-03-03,L,1,03-03,
7,5,RO-1-06-01,L,1,06-01,
8,5,RO-1-17-01,L ,1,17-01,
10,5,RO-2-01-01,L,2,01-01,
11,5,RO-3-01-03,L ,3,01-03,
12,5,RO-4-01-02,L ,4,01-02,
13,5,RO-5-01-01,L,5,01-01,
14,5,RO-6-02-05,L ,6,02-05,
15,5,RO-6-03-05,L ,6,03-05,
16,5,RO-6-03-06,L,6,03-06,
17,5,RO-6-03-07,L ,6,03-07,
18,5,RO-6-03-08,L ,6,03-08,
19,5,RO-6-03-09,L,6,03-09,
20,5,RO-6-03-11,L,6,03-11,
21,5,RO-6-03-12,L,6,03-12,
22,5,RO-6-03-13,L ,6,03-13,
23,5,RO-6-03-14,L ,6,03-14,
24,5,RO-6-03-15,L,6,03-15,
25,5,RO-6-03-16,L ,6,03-16,
26,5,RO-6-03-17,L ,6,03-17,
27,5,RO-7-01-01,L ,7,01-01,
28,5,RO-7-02-02,L ,7,02-02,
29,5,RO-7-02-01,L ,7,02-01,
30,5,RO-8-01-02,L ,8,01-02,
31,5,RO-8-01-03,L ,8,01-03,
32,5,RO-8-01-04,L ,8,01-04,
33,5,RO-9-01-01,L,9,01-01,
34,5,RO-9-01-02,L,9,01-02,
35,5,RO-9-01-03,L,9,01-03,
36,5,RO-9-01-04,L,9,01-04,
37,5,RO-9-01-05,L,9,01-05,
38,5,RO-9-01-06,L ,9,01-06,
39,5,RO-10-01-01,L ,10,01-01,
40,5,RO-10-01-03,L ,10,01-03,
41,5,RO-10-01-04,L ,10,01-04,
42,5,RO-10-01-05,L ,10,01-05,
43,5,RO-10-01-06,L,10,01-06,
44,5,RO-10-01-07,L,10,01-07,
45,5,RO-10-01-08,L ,10,01-08,
46,5,RO-1-01-01,L ,1,01-01,
47,5,RO-1-02-01,L ,1,02-01,
48,5,RO-1-02-02,L ,1,02-02,
49,5,RO-1-02-03,L ,1,02-03,
50,5,RO-1-02-05,L ,1,02-05,
51,5,RO-1-02-06,L ,1,02-06,
52,5,RO-1-02-07,L ,1,02-07,
53,5,RO-1-02-08,L ,1,02-08,
54,5,RO-1-02-09,L ,1,02-09,
55,5,RO-1-02-10,L ,1,02-10,
56,5,RO-1-02-11,L ,1,02-11,
57,5,RO-1-02-12,L ,1,02-12,
58,5,RO-1-03-01,L,1,03-01,
59,5,RO-1-03-02,L,1,03-02,
60,5,RO-1-03-04,L,1,03-04,
61,5,RO-1-03-05,L,1,03-05,
62,5,RO-1-03-06,L,1,03-06,
63,5,RO-1-03-07,L,1,03-07,
64,5,RO-1-03-08,L,1,03-08,
65,5,RO-1-03-09,L,1,03-09,
66,5,RO-1-03-10,L,1,03-10,
67,5,RO-1-03-11,L,1,03-11,
68,5,RO-1-04-01,L ,1,04-01,
69,5,RO-1-05-01,L ,1,05-01,
70,5,RO-1-07-01,L ,1,07-01,
71,5,RO-1-08-01,L ,1,08-01,
72,5,RO-1-09-01,L ,1,09-01,
73,5,RO-1-10-01,L ,1,10-01,
74,5,RO-1-11-01,L ,1,11-01,
75,5,RO-1-12-01,L ,1,12-01,
76,5,RO-1-13-01,L,1,13-01,
77,5,RO-1-14-01,L ,1,14-01,
78,5,RO-1-15-01,L,1,15-01,
79,5,RO-1-16-01,L,1,16-01,
80,5,RO-1-18-01,L ,1,18-01,
81,5,RO-1-19-01,L ,1,19-01,
101,5,RO-2-01-02,L,2,01-02,
102,5,RO-2-01-03,L,2,01-03,
103,5,RO-2-01-04,L,2,01-04,
104,5,RO-2-01-05,L,2,01-05,
105,5,RO-2-01-06,L,2,01-06,
106,5,RO-2-01-07,L,2,01-07,
107,5,RO-2-01-08,L,2,01-08,
108,5,RO-2-01-09,L,2,01-09,
109,5,RO-3-01-01,L,3,01-01,
110,5,RO-3-01-02,L,3,01-02,
111,5,RO-3-01-04,L,3,01-04,
112,5,RO-3-01-05,L,3,01-05,
113,5,RO-3-01-06,L,3,01-06,
114,5,RO-3-01-07,L,3,01-07,
115,5,RO-3-01-08,L,3,01-08,
116,5,RO-3-01-09,L,3,01-09,
117,5,RO-3-01-10,L,3,01-10,
118,5,RO-3-01-11,L,3,01-11,
119,5,RO-3-01-12,L,3,01-12,
120,5,RO-4-01-01,L,4,01-01,
121,5,RO-4-01-03,L,4,01-03,
122,5,RO-4-01-04,L,4,01-04,
123,5,RO-4-01-05,L,4,01-05,
124,5,RO-4-01-06,L,4,01-06,
125,5,RO-4-01-07,L,4,01-07,
126,5,RO-4-01-08,L,4,01-08,
127,5,RO-4-01-09,L,4,01-09,
128,5,RO-4-01-10,L,4,01-10,
129,5,RO-4-01-11,L,4,01-11,
130,5,RO-4-01-12,L,4,01-12,
131,5,RO-6-01-01,L,6,01-01,
132,5,RO-6-01-02,L,6,01-02,
133,5,RO-6-01-03,L,6,01-03,
134,5,RO-6-01-04,L,6,01-04,
135,5,RO-6-01-05,L,6,01-05,
136,5,RO-6-01-06,L,6,01-06,
137,5,RO-6-02-01,L,6,02-01,
138,5,RO-6-02-02,L,6,02-02,
139,5,RO-6-02-03,L,6,02-03,
140,5,RO-6-02-04,L,6,02-04,
141,5,RO-6-03-01,L,6,03-01,
142,5,RO-6-03-02,L,6,03-02,
143,5,RO-6-03-03,L,6,03-03,
144,5,RO-6-03-04,L,6,03-04,
146,11,EN-7-2,L,7,2,
148,11,EN-6-5,L,6,5,
149,11,EN-8-8,L,8,8,
150,11,EN-6-16,L,6,16,
151,11,EN-6-9,L,6,9,
152,11,EN-6-10,L,6,10,
153,30,JY-1-16,L,1,16,
154,30,JY-13-13,L,13,13,
155,30,JY-9-4,L,9,4,
156,30,JY-4-5,L,4,5,
157,30,JY-10-28,L,10,28,
158,30,JY-10-19,L,10,19,
159,30,JY-21-9,L,21,9,
160,30,JY-13-20,L,13,20,
161,30,JY-15-2,L,15,2,
162,30,JY-19-21,L,19,21,
163,30,JY-27-31,L,27,31,
164,30,JY-27-18,L,27,18,
165,30,JY-1-4,L,1,4,
166,30,JY-11-1,L,11,1,
167,30,JY-20-8,L,20,8,
168,30,JY-21-15,L,21,15,
169,30,JY-26-3,L,26,3,
170,30,JY-24-5,L,24,5,
171,30,JY-24-6,L,24,6,
172,30,JY-4-3,L,4,3,
173,30,JY-10-5,L,10,5,
174,8,-27-1,L,27,1,
175,8,-27-2,L,27,2,
176,8,-27-3,L,27,3,
177,8,-27-4,L,27,4,
178,8,-27-5,L,27,5,
179,8,-36-1,L,36,1,
180,8,-36-2,L,36,2,
181,8,-36-3,L,36,3,
182,8,-36-4,L,36,4,
183,8,-36-5,L,36,5,
184,8,-36-6,L,36,6,
185,8,-36-7,L,36,7,
186,30,JY-18-7,L,18,7,
187,30,JY-11-14,L,11,14,
188,30,JY-11-15,L,11,15,
189,30,JY-11-16,L,11,16,
190,30,JY-11-16A,L,11,16A,
191,30,JY-11-17,L,11,17,
192,30,JY-11-18,L,11,18,
193,30,JY-11-19,L,11,19,
194,30,JY-6-9,L,6,9,
195,30,JY-13-6,L,13,6,
196,30,JY-13-9,L,13,9,
197,30,JY-11-5,L,11,5,
198,30,JY-19-3,L,19,3,
199,30,JY-23-6,L,23,6,
200,17,FI-5-14a,L,5,14a,
201,30,JY-23-4,L,23,4,
202,30,JY-26-4,L,26,4,
203,30,JY-2-6,L,2,6,
204,30,JY-26-1,L,26,1,
205,30,JY-26-2,L,26,2,
206,30,JY-22-23,L,22,23,
207,30,JY-27-35,L,27,35,
208,30,JY-17-6,L,17,6,
209,30,JY-10-3,L,10,3,
210,30,JY-22-8,L,22,8,
211,30,JY-6-3,L,6,3,
212,30,JY-20-2,L,20,2,
213,30,JY-8-9,L,8,9,
214,30,JY-13-2,L,13,2,
215,30,JY-13-3,L,13,3,
216,30,JY-13-4,L,13,4,
217,30,JY-13-5,L,13,5,
218,30,JY-13-10,L,13,10,
219,30,JY-23-2,L,23,2,
220,30,JY-23-21,L,23,21,
221,30,JY-1-17,L,1,17,
222,30,JY-1-14,L,1,14,
223,30,JY-27-3,L,27,3,
224,30,JY-22-17,L,22,17,
225,30,JY-9-2,L,9,2,
226,30,JY-7-13,L,7,13,
227,30,JY-20-17,L,20,17,
228,30,JY-10-13,L,10,13,
229,30,JY-20-6,L,20,6,
230,30,JY-23-9,L,23,9,
231,30,JY-23-14,L,23,14,
232,30,JY-25-4,L,25,4,
233,30,JY-1-3,L,1,3,
234,30,JY-27-2,L,27,2,
235,30,JY-27-24,L,27,24,
236,30,JY-11-20,L,11,20,
237,30,JY-12-20,L,12,20,
238,30,JY-27-34,L,27,34,
239,30,JY-6-1,L,6,1,
240,30,JY-9-14,L,9,14,
241,30,JY-1-12,L,1,12,
242,30,JY-1-9,L,1,9,
243,30,JY-22-25,L,22,25,
244,30,JY-27-8,L,27,8,
245,30,JY-27-9,L,27,9,
246,30,JY-1-5,L,1,5,
247,30,JY-13-14,L,13,14,
248,30,JY-19-20,L,19,20,
249,30,JY-27-10,L,27,10,
250,30,JY-8-4,L,8,4,
251,30,JY-14-11,L,14,11,
252,30,JY-21-16,L,21,16,
253,30,JY-22-6,L,22,6,
254,30,JY-10-18,L,10,18,
255,30,JY-26-5,L,26,5,
256,30,JY-21-12,L,21,12,
257,30,JY-21-13,L,21,13,
258,30,JY-19-23,L,19,23,
259,30,JY-14-7,L,14,7,
260,30,JY-5-10,L,5,10,
261,30,JY-21-22,L,21,22,
262,30,JY-12-19,L,12,19,
263,30,JY-7-7,L,7,7,
264,30,JY-23-17,L,23,17,
265,30,JY-27-23,L,27,23,
266,30,JY-27-60,L,27,60,
267,30,JY-27-39,L,27,39,
268,30,JY-19-10,L,19,10,
269,29,RVG-3-1,L,3,1,
270,29,RVG-3-2,L,3,2,
271,29,RVG-1-1,L,1,1,
272,29,RVG-4-4,L,4,4,
273,29,RVG-2-3,L,2,3,
274,29,RVG-5-5,L,5,5,
275,29,RVG-4-8,L,4,8,
276,29,RVG-1-6,L,1,6,
277,29,RVG-3-3,L,3,3,
278,29,RVG-6-2,L,6,2,
279,29,RVG-1-2,L,1,2,
280,29,RVG-5-1,L,5,1,
282,29,RVG-3-6,L,3,6,
283,29,RVG-1-4,,1,4,
284,29,RVG-1-3,,1,3,
285,29,RVG-1-5,,1,5,
286,29,RVG-1-7,,1,7,
287,29,RVG-1-8,,1,8,
288,29,RVG-1-9,,1,9,
289,29,RVG-1-10,,1,10,
290,29,RVG-1-11,,1,11,
291,29,RVG-2-1,,2,1,
292,29,RVG-2-2,,2,2,
293,29,RVG-2-4,,2,4,
294,29,RVG-3-4,,3,4,
295,29,RVG-4-1,,4,1,
296,29,RVG-4-2,,4,2,
297,29,RVG-4-3,,4,3,
298,29,RVG-4-5,,4,5,
299,29,RVG-4-6,L,4,6,
300,29,RVG-4-9,,4,9,
301,29,RVG-4-10A,,4,10A,
302,29,RVG-4-10B,,4,10B,
303,29,RVG-5-2,,5,2,
304,29,RVG-5-7,L,5,7,
305,29,RVG-5-8,L,5,8,
306,29,RVG-7-1,,7,1,
307,11,EN1-5-2,L,5,2,
308,11,EN1-5-3,L,5,3,
309,11,EN1-6-3,L,6,3,
310,22,EN-II-U-1,L,U,1,
311,22,EN-II-U-2,L,U,2,
312,22,EN-II-U-3,,U,3,
313,22,EN-II-U-4,L,U,4,
314,22,EN-II-U-5,,U,5,
315,22,EN-II-U-6,,U,6,
316,22,EN-II-U-7,,U,7,
317,22,EN-II-U-8,,U,8,
318,22,EN-II-U-9,L,U,9,
319,22,EN-II-U-10,,U,10,
320,22,EN-II-U-11,,U,11,
321,22,EN-II-U-12,,U,12,
322,22,EN-II-U-13,,U,13,
323,15,HP-II-1-1-E,L,1,1-E,
324,39,DP-U-1,L,U,1,
325,39,DP-U-2,L,U,2,
326,39,DP-U-3,L,U,3,
327,39,DP-U-4,L,U,4,
328,39,DP-U-5,L,U,5,
329,39,DP-U-6,L,U,6,
330,39,DP-U-7,L,U,7,
331,39,DP-U-8,L,U,8,
332,39,DP-U-9,L,U,9,
333,39,DP--,,,,
334,23,EU-U-1,L,U,1,
335,23,EU-U-2,L,U,2,
336,23,EU-U-3,L,U,3,
337,23,EU-U-4,L,U,4,
338,23,EU-U-5,L,U,5,
339,23,EU-U-6,L,U,6,
340,23,EU-U-7,L,U,7,
341,23,EU-U-8,L,U,8,
342,23,EU-U-9,L,U,9,
343,23,EU-U-10,L,U,10,
344,23,EU-U-11,L,U,11,
345,23,EU-U-12,L,U,12,
346,23,EU-U-13,L,U,13,
347,23,EU-U-14,L,U,14,
348,23,EU-U-15,L,U,15,
349,23,EU-U-16,L,U,16,
350,17,FI-9B-9,L,9B,9,
351,17,FI-9b-8,L,9b,8,
352,11,EN1-6-7,L,6,7,
353,11,EN1-5-10,L,5,10,
354,29,RVG-4-7,L,4,7,
356,24,CS-I-M1-1,,M1,1,
357,24,CS-I-M1-2,,M1,2,
358,24,CS-I-M1-3,,M1,3,
359,24,CS-I-M1-4,,M1,4,
360,24,CS-I-M1-5,,M1,5,
361,24,CS-I-M1-6,,M1,6,
362,24,CS-I-M1-7,,M1,7,
363,24,CS-I-M1-8,,M1,8,
364,24,CS-I-M1-9,,M1,9,
365,24,CS-I-M1-10,,M1,10,
366,24,CS-I-M2-1,,M2,1,
367,24,CS-I-M2-2,,M2,2,
368,24,CS-I-M2-3,,M2,3,
369,24,CS-I-M2-4,,M2,4,
370,24,CS-I-M2-5,,M2,5,
371,24,CS-I-M2-6,,M2,6,
372,24,CS-I-M2-7,,M2,7,
373,24,CS-I-M2-8,,M2,8,
374,24,CS-I-M2-9,,M2,9,
375,24,CS-I-M3-1,,M3,1,
376,24,CS-I-M3-2,,M3,2,
377,24,CS-I-M3-3,,M3,3,
378,24,CS-I-M3-4,,M3,4,
379,24,CS-I-M3-5,,M3,5,
380,24,CS-I-M3-6,,M3,6,
381,24,CS-I-M3-7,L,M3,7,
382,24,CS-I-M3-8,,M3,8,
383,24,CS-I-M3-9,,M3,9,
384,24,CS-I-M3-10,,M3,10,
385,24,CS-I-M3-11,,M3,11,
386,24,CS-I-M3-12,L,M3,12,
387,24,CS-I-M4-1,,M4,1,
388,24,CS-I-M4-2,,M4,2,
389,24,CS-I-M4-3,,M4,3,
390,24,CS-I-M4-4,,M4,4,
391,24,CS-I-M4-5,L,M4,5,
392,24,CS-I-M4-6,,M4,6,
393,24,CS-I-M4-7,L,M4,7,
394,24,CS-I-M4-8,,M4,8,
395,24,CS-I-M4-9,,M4,9,
396,24,CS-I-M4-10,,M4,10,
397,24,CS-I-M4-11,,M4,11,
398,24,CS-I-M4-12,L,M4,12,
399,24,CS-I-M4-13,,M4,13,
400,24,CS-I-M4-14,L,M4,14,
401,25,CS-II-M1-1,,M1,1,
402,25,CS-II-M1-2,,M1,2,
403,25,CS-II-M1-3,,M1,3,
404,25,CS-II-M1-4,,M1,4,
405,25,CS-II-M1-4a,,M1,4a,
406,25,CS-II-M1-5,,M1,5,
407,25,CS-II-M1-6,,M1,6,
408,25,CS-II-M1-7,,M1,7,
409,25,CS-II-M1-8,,M1,8,
410,25,CS-II-M1-9,,M1,9,
411,25,CS-II-M2-1,,M2,1,
412,25,CS-II-M2-2,,M2,2,
413,25,CS-II-M2-3,,M2,3,
414,25,CS-II-M2-4,,M2,4,
415,25,CS-II-M2-5,,M2,5,
416,25,CS-II-M2-6,,M2,6,
417,25,CS-II-M2-7,,M2,7,
418,25,CS-II-M2-8,,M2,8,
419,25,CS-II-M2-9,,M2,9,
420,25,CS-II-M2-10,L,M2,10,
421,25,CS-II-M2-11,,M2,11,
422,25,CS-II-M2-12,,M2,12,
423,25,CS-II-M2-13,,M2,13,
424,25,CS-II-M3-1,,M3,1,
425,25,CS-II-M3-1a,,M3,1a,
426,25,CS-II-M3-2,,M3,2,
427,25,CS-II-M4-1,L,M4,1,
428,25,CS-II-M4-2,L,M4,2,
429,25,CS-II-M4-3,,M4,3,
430,25,CS-II-M4-4,,M4,4,
431,25,CS-II-M4-5,,M4,5,
432,25,CS-II-M4-6,,M4,6,
433,25,CS-II-M4-7,,M4,7,
434,25,CS-II-M4-8,,M4,8,
435,25,CS-II-M4-9,,M4,9,
436,25,CS-II-M4-10,,M4,10,
437,25,CS-II-M4-11,,M4,11,
438,25,CS-II-M4-12,,M4,12,
439,25,CS-II-M4-13,,M4,13,
440,25,CS-II-M4-14,L,M4,14,
441,25,CS-II-M5-1,,M5,1,
442,25,CS-II-M5-2,L,M5,2,
443,25,CS-II-M6-1,,M6,1,
444,25,CS-II-M6-2,,M6,2,
445,25,CS-II-M6-3,L,M6,3,
446,25,CS-II-M6-4,,M6,4,
447,25,CS-II-M6-5,,M6,5,
448,25,CS-II-M6-6,,M6,6,
449,25,CS-II-M6-7,,M6,7,
450,25,CS-II-M6-8,,M6,8,
451,20,CH-II-4-3,L,4,3,
452,20,CH-II-1-14,L,1,14,
453,20,CH-II-1-12,L,1,12,
454,20,CH-II-1-9,L,1,9,
455,20,CH-II-1-1,L,1,1,
456,20,CH-II-1-2,L,1,2,
457,20,CH-II-1-3,L,1,3,
458,20,CH-II-1-4,L,1,4,
459,20,CH-II-1-5,L,1,5,
460,20,CH-II-1-6,L,1,6,
461,20,CH-II-1-7,L,1,7,
462,20,CH-II-1-8,L,1,8,
463,20,CH-II-1-10,L,1,10,
464,20,CH-II-1-11,L,1,11,
465,20,CH-II-1-13,L,1,13,
466,20,CH-II-1-15,L,1,15,
467,20,CH-II-1-16,L,1,16,
468,20,CH-II-2-1,L,2,1,
469,20,CH-II-2-2,L,2,2,
470,20,CH-II-2-3,L,2,3,
471,20,CH-II-2-4,L,2,4,
472,20,CH-II-2-5,L,2,5,
473,20,CH-II-3-1,L,3,1,
474,20,CH-II-3-2,L,3,2,
475,20,CH-II-3-3,L,3,3,
476,20,CH-II-3-4,L,3,4,
477,20,CH-II-3-5,L,3,5,
478,20,CH-II-3-6,L,3,6,
479,20,CH-II-3-7,L,3,7,
480,20,CH-II-3-8,L,3,8,
481,20,CH-II-3-9,L,3,9,
482,20,CH-II-3-10,L,3,10,
483,20,CH-II-4-1,L,4,1,
484,20,CH-II-4-2,L,4,2,
485,20,CH-II-4-4,L,4,4,
486,20,CH-II-4-5,L,4,5,
487,20,CH-II-4-6,L,4,6,
488,14,HP-I-1-1,L,1,1,
489,14,HP-I-1-2,L,1,2,
490,14,HP-I-1-3,L,1,3,
491,14,HP-I-1-4,L,1,4,
492,14,HP-I-1-5,L,1,5,
493,14,HP-I-1-6,L,1,6,
494,14,HP-I-1-7,L,1,7,
495,14,HP-I-1-8,L,1,8,
496,14,HP-I-1-9,L,1,9,
497,14,HP-I-1-10,L,1,10,
498,14,HP-I-1-11,L,1,11,
499,14,HP-I-1-12,L,1,12,
500,14,HP-I-1-13,L,1,13,
501,14,HP-I-1-14,L,1,14,
502,14,HP-I-2-1,L,2,1,
503,14,HP-I-2-2,L,2,2,
504,14,HP-I-2-3,L,2,3,
505,14,HP-I-2-4,L,2,4,
506,30,JY-10-4,L,10,4,
507,17,FI-2-5,L,2,5,
508,17,FI-9c-5,L,9c,5,
509,17,FI-7-16,L,7,16,
510,17,FI-11-13,L,11,13,
511,17,FI-6-1,L,6,1,
512,17,FI-2B-4,L,2B,4,
515,17,FI-5-14b,L,5,14b,
516,17,FI-7-11 B,L,7,11 B,
517,17,FI-10-35,L,10,35,
518,17,FI-1-8 A,L,1,8 A,
519,17,FI-1-12 A,L,1,12 A,
520,17,FI-10-46b,L,10,46b,
521,17,FI-1-11 B,L,1,11 B,
522,17,FI-10-21b,L,10,21b,
523,17,FI-5-9 B,L,5,9 B,
524,17,FI-3-3,L,3,3,
525,17,FI-10-11b,L,10,11b,
526,17,FI-10-20b,L,10,20b,
527,17,FI-5-9 A,L,5,9 A,
528,17,FI-10-33a,L,10,33a,
529,17,FI-10-11a,L,10,11a,
530,17,FI-1-10 A,L,1,10 A,
531,17,FI-7-3,L,7,3,
532,17,FI-1-5,L,1,5,
533,17,FI-4-4,L,4,4,
534,17,FI-3-12,L,3,12,
535,17,FI-3-7 A,L,3,7 A,
536,17,FI-1-7 B,L,1,7 B,
537,17,FI-3-8 B,L,3,8 B,
538,17,FI-3-8 A,L,3,8 A,
539,6,AL-I-1-1,L,1,1,
540,6,AL-I-1-2,L,1,2,
541,6,AL-I-1-3,L,1,3,
542,6,AL-I-1-4,L,1,4,
543,6,AL-I-1-5,L,1,5,
544,6,AL-I-1-6,L,1,6,
545,6,AL-I-1-7,L,1,7,
546,6,AL-I-1-8,L,1,8,
547,6,AL-I-1-9,L,1,9,
548,6,AL-I-1-10,L,1,10,
549,6,AL-I-1-11,L,1,11,
550,6,AL-I-1-12,L,1,12,
551,6,AL-I-2-1,L,2,1,
552,6,AL-I-2-2,L,2,2,
553,6,AL-I-2-3,L,2,3,
554,6,AL-I-2-4,L,2,4,
555,6,AL-I-2-5,L,2,5,
556,6,AL-I-2-6,L,2,6,
557,6,AL-I-2-7,L,2,7,
558,6,AL-I-2-8,L,2,8,
559,6,AL-I-2-9,L,2,9,
560,6,AL-I-2-10,L,2,10,
561,6,AL-I-2-11,L,2,11,
562,6,AL-I-2-12,L,2,12,
563,6,AL-I-2-13,L,2,13,
564,6,AL-I-2-14,L,2,14,
565,6,AL-I-3-1,L,3,1,
566,6,AL-I-3-2,L,3,2,
567,6,AL-I-3-3,L,3,3,
568,6,AL-I-3-4,L,3,4,
569,6,AL-I-3-5,L,3,5,
570,6,AL-I-3-6,L,3,6,
571,6,AL-I-3-7,L,3,7,
572,6,AL-I-3-8,L,3,8,
573,6,AL-I-3-9,L,3,9,
574,6,AL-I-3-10,L,3,10,
575,6,AL-I-3-11,L,3,11,
576,6,AL-I-3-12,L,3,12,
577,6,AL-I-3-13,L,3,13,
578,6,AL-I-3-14,L,3,14,
579,6,AL-I-4-1,L,4,1,
580,6,AL-I-4-2,L,4,2,
581,6,AL-I-4-3,L,4,3,
582,6,AL-I-4-4,L,4,4,
583,6,AL-I-4-5,L,4,5,
584,6,AL-I-4-6,L,4,6,
585,6,AL-I-4-7,L,4,7,
586,6,AL-I-4-8,L,4,8,
587,6,AL-I-4-9,L,4,9,
588,6,AL-I-4-10,L,4,10,
589,6,AL-I-4-11,L,4,11,
590,6,AL-I-4-12,L,4,12,
591,6,AL-I-4-13,L,4,13,
592,6,AL-I-4-14,L,4,14,
593,6,AL-I-5-1,L,5,1,
594,6,AL-I-5-2,L,5,2,
595,6,AL-I-5-3,L,5,3,
596,6,AL-I-5-4,L,5,4,
597,6,AL-I-5-5,L,5,5,
598,6,AL-I-5-6,L,5,6,
599,6,AL-I-5-7,L,5,7,
600,6,AL-I-5-8,L,5,8,
601,6,AL-I-5-9,L,5,9,
602,6,AL-I-5-10,L,5,10,
603,6,AL-I-5-11,L,5,11,
604,6,AL-I-5-12,L,5,12,
605,6,AL-I-5-14,L,5,14,
606,6,AL-I-6-1,,6,1,
607,6,AL-I-6-2,,6,2,
608,6,AL-I-6-4,,6,4,
609,6,AL-I-6-6,,6,6,
610,6,AL-I-6-8,,6,8,
611,6,AL-I-6-10,,6,10,
612,6,AL-I-7-1,,7,1,
613,6,AL-I-7-2,,7,2,
614,6,AL-I-7-3,,7,3,
615,6,AL-I-7-4,,7,4,
616,6,AL-I-7-5,,7,5,
617,6,AL-I-7-6,,7,6,
618,6,AL-I-7-7,,7,7,
619,6,AL-I-7-8,,7,8,
620,6,AL-I-7-9,,7,9,
621,6,AL-I-7-10,,7,10,
622,6,AL-I-7-12,,7,12,
623,6,AL-I-7-11,,7,11,
624,6,AL-I-7-13,,7,13,
625,6,AL-I-7-14,,7,14,
626,6,AL-I-7-15,,7,15,
627,6,AL-I-7-16,,7,16,
628,6,AL-I-7-17,,7,17,
629,6,AL-I-7-18,,7,18,
630,6,AL-I-7-19,,7,19,
631,6,AL-I-7-20,,7,20,
632,6,AL-I-7-22,,7,22,
633,6,AL-I-7-24,,7,24,
634,6,AL-I-8-1,,8,1,
635,6,AL-I-8-2,,8,2,
636,6,AL-I-8-3,,8,3,
637,6,AL-I-8-4,,8,4,
638,6,AL-I-8-5,,8,5,
639,6,AL-I-8-6,,8,6,
640,6,AL-I-8-7,,8,7,
641,6,AL-I-8-8,,8,8,
642,6,AL-I-8-9,,8,9,
643,6,AL-I-8-10,,8,10,
644,6,AL-I-8-11,,8,11,
645,6,AL-I-8-12,,8,12,
646,6,AL-I-8-13,,8,13,
647,6,AL-I-8-14,,8,14,
648,6,AL-I-8-15,,8,15,
649,6,AL-I-8-16,,8,16,
650,6,AL-I-8-17,,8,17,
651,6,AL-I-8-18,,8,18,
652,6,AL-I-8-19,,8,19,
653,6,AL-I-8-20,,8,20,
654,6,AL-I-8-21,,8,21,
655,6,AL-I-8-22,,8,22,
656,6,AL-I-8-23,,8,23,
657,6,AL-I-8-24,,8,24,
658,6,AL-I-8-25,,8,25,
659,6,AL-I-8-26,,8,26,
660,6,AL-I-8-27,,8,27,
661,6,AL-I-8-28,,8,28,
662,6,AL-I-8-29,,8,29,
663,6,AL-I-8-30,,8,30,
664,6,AL-I-8-31,,8,31,
665,6,AL-I-8-32,,8,32,
666,6,AL-I-8-34,,8,34,
667,6,AL-I-8-36,,8,36,
668,6,AL-I-9-1,,9,1,
669,6,AL-I-9-2,,9,2,
670,6,AL-I-9-3,,9,3,
671,6,AL-I-9-4,,9,4,
672,6,AL-I-9-5,,9,5,
673,6,AL-I-9-6,,9,6,
674,6,AL-I-9-7,,9,7,
675,6,AL-I-9-8,,9,8,
676,6,AL-I-9-9,,9,9,
677,6,AL-I-9-10,,9,10,
678,6,AL-I-9-11,,9,11,
679,6,AL-I-9-12,,9,12,
680,6,AL-I-9-13,,9,13,
681,6,AL-I-9-14,,9,14,
682,6,AL-I-9-15,,9,15,
683,6,AL-I-9-16,,9,16,
684,6,AL-I-9-17,,9,17,
685,6,AL-I-9-18,,9,18,
686,6,AL-I-9-19,,9,19,
687,6,AL-I-9-20,,9,20,
688,6,AL-I-9-21,,9,21,
689,6,AL-I-9-22,,9,22,
690,6,AL-I-9-23,,9,23,
691,6,AL-I-9-24,,9,24,
692,6,AL-I-9-25,,9,25,
693,6,AL-I-9-26,,9,26,
694,6,AL-I-9-27,,9,27,
695,6,AL-I-9-28,,9,28,
696,6,AL-I-9-29,,9,29,
697,6,AL-I-9-30,,9,30,
698,6,AL-I-9-31,,9,31,
699,6,AL-I-9-32,,9,32,
700,6,AL-I-9-33,,9,33,
701,6,AL-I-9-34,,9,34,
702,6,AL-I-9-35,,9,35,
703,6,AL-I-9-36,,9,36,
704,6,AL-I-9-37,,9,37,
705,6,AL-I-9-38,,9,38,
706,6,AL-I-9-39,,9,39,
707,6,AL-I-9-40,,9,40,
708,6,AL-I-9-42,,9,42,
709,6,AL-I-10-1,,10,1,
710,6,AL-I-10-2,,10,2,
711,6,AL-I-10-3,,10,3,
712,6,AL-I-10-4,,10,4,
713,6,AL-I-10-5,,10,5,
714,6,AL-I-10-6,,10,6,
715,6,AL-I-10-7,,10,7,
716,6,AL-I-10-8,,10,8,
717,6,AL-I-10-9,,10,9,
718,6,AL-I-10-11,,10,11,
719,6,AL-I-11-1,,11,1,
720,6,AL-I-11-2,,11,2,
721,6,AL-I-11-3,,11,3,
722,6,AL-I-11-4,,11,4,
723,6,AL-I-11-5,,11,5,
724,6,AL-I-11-6,,11,6,
725,6,AL-I-11-7,,11,7,
726,6,AL-I-11-8,,11,8,
727,6,AL-I-11-9,,11,9,
728,6,AL-I-11-10,,11,10,
729,6,AL-I-11-11,,11,11,
730,6,AL-I-11-12,,11,12,
731,6,AL-I-11-13,,11,13,
732,6,AL-I-11-14,,11,14,
733,6,AL-I-12-1,,12,1,
734,6,AL-I-12-2,,12,2,
735,6,AL-I-12-3,,12,3,
736,6,AL-I-12-4,,12,4,
737,6,AL-I-12-5,,12,5,
738,6,AL-I-12-6,,12,6,
739,6,AL-I-12-7,,12,7,
740,6,AL-I-12-8,,12,8,
741,6,AL-I-12-9,,12,9,
742,6,AL-I-12-10,,12,10,
743,6,AL-I-12-11,,12,11,
744,6,AL-I-12-12,,12,12,
745,6,AL-I-12-13,,12,13,
746,6,AL-I-12-14,,12,14,
747,6,AL-I-12-15,,12,15,
748,6,AL-I-12-16,,12,16,
749,6,AL-I-12-17,,12,17,
750,6,AL-I-12-18,,12,18,
751,6,AL-I-12-19,,12,19,
752,6,AL-I-12-20,,12,20,
753,6,AL-I-12-21,,12,21,
754,6,AL-I-12-22,,12,22,
755,6,AL-I-12-23,,12,23,
756,7,AL-II-13-1,,13,1,
757,7,AL-II-13-2,,13,2,
758,7,AL-II-13-3,,13,3,
759,7,AL-II-13-4,,13,4,
760,7,AL-II-13-5,,13,5,
761,7,AL-II-13-6,,13,6,
762,7,AL-II-13-7,,13,7,
763,7,AL-II-13-8,,13,8,
764,7,AL-II-13-9,,13,9,
765,7,AL-II-13-10,,13,10,
766,7,AL-II-13-11,,13,11,
767,7,AL-II-13-12,,13,12,
768,7,AL-II-13-13,,13,13,
769,7,AL-II-13-14,,13,14,
770,7,AL-II-13-15,,13,15,
771,7,AL-II-13-16,,13,16,
772,7,AL-II-14-1,,14,1,
773,7,AL-II-14-2,,14,2,
774,7,AL-II-14-3,,14,3,
775,7,AL-II-14-4,,14,4,
776,7,AL-II-14-5,,14,5,
777,7,AL-II-14-6,,14,6,
778,7,AL-II-14-7,,14,7,
779,7,AL-II-14-8,,14,8,
780,7,AL-II-14-9,,14,9,
781,7,AL-II-14-10,,14,10,
782,7,AL-II-14-11,,14,11,
783,7,AL-II-14-12,,14,12,
784,7,AL-II-14-13,,14,13,
785,7,AL-II-15-1,,15,1,
786,7,AL-II-15-2,,15,2,
787,7,AL-II-15-3,,15,3,
788,7,AL-II-15-4,,15,4,
789,7,AL-II-15-5,,15,5,
790,7,AL-II-15-6,,15,6,
791,7,AL-II-15-7,,15,7,
792,7,AL-II-15-8,,15,8,
793,7,AL-II-15-9,,15,9,
794,7,AL-II-15-10,,15,10,
795,7,AL-II-15-11,,15,11,
796,7,AL-II-15-12,,15,12,
797,7,AL-II-16-1,,16,1,
798,7,AL-II-16-2,,16,2,
799,7,AL-II-16-3,,16,3,
800,7,AL-II-16-4,,16,4,
801,7,AL-II-16-5,,16,5,
802,7,AL-II-16-6,,16,6,
803,7,AL-II-16-8,,16,8,
804,7,AL-II-16-9,,16,9,
805,7,AL-II-16-10,,16,10,
806,7,AL-II-16-11,,16,11,
807,7,AL-II-16-12,L,16,12,
808,7,AL-II-16-13,,16,13,
809,7,AL-II-16-14,,16,14,
810,7,AL-II-17-1,,17,1,
811,7,AL-II-17-2,L,17,2,
812,7,AL-II-17-3,L,17,3,
813,7,AL-II-17-4,,17,4,
814,7,AL-II-17-5,,17,5,
815,7,AL-II-17-6,,17,6,
816,7,AL-II-17-7,L,17,7,
817,7,AL-II-17-8,,17,8,
818,7,AL-II-18-1,,18,1,
819,7,AL-II-18-3,,18,3,
820,7,AL-II-18-4,,18,4,
821,7,AL-II-18-5,,18,5,
822,7,AL-II-18-6,,18,6,
823,7,AL-II-18-7,,18,7,
824,7,AL-II-18-8,,18,8,
825,7,AL-II-18-9,,18,9,
826,7,AL-II-18-10,,18,10,
827,7,AL-II-18-11,,18,11,
828,7,AL-II-18-12,,18,12,
829,7,AL-II-18-13,,18,13,
830,7,AL-II-18-14,,18,14,
831,7,AL-II-19-1,,19,1,
832,7,AL-II-19-2,,19,2,
833,7,AL-II-19-3,,19,3,
834,7,AL-II-19-4,,19,4,
835,7,AL-II-19-5,,19,5,
836,7,AL-II-19-6,,19,6,
837,7,AL-II-19-7,,19,7,
838,7,AL-II-19-8,,19,8,
839,7,AL-II-19-9,,19,9,
840,7,AL-II-19-10,,19,10,
841,7,AL-II-19-11,,19,11,
842,7,AL-II-19-12,,19,12,
843,7,AL-II-20-1,,20,1,
844,7,AL-II-20-2,,20,2,
845,7,AL-II-20-3,,20,3,
846,7,AL-II-20-4,,20,4,
847,7,AL-II-20-5,,20,5,
848,7,AL-II-20-6,,20,6,
849,7,AL-II-20-7,,20,7,
850,7,AL-II-20-8,,20,8,
851,7,AL-II-21-1,,21,1,
852,7,AL-II-21-2,,21,2,
853,7,AL-II-21-3,,21,3,
854,7,AL-II-21-4,,21,4,
855,7,AL-II-21-5,,21,5,
856,7,AL-II-21-6,,21,6,
857,7,AL-II-21-7,,21,7,
858,7,AL-II-21-8,,21,8,
859,7,AL-II-22-1,,22,1,
860,7,AL-II-22-2,,22,2,
861,7,AL-II-22-3,,22,3,
862,7,AL-II-22-4,,22,4,
863,7,AL-II-23-1,,23,1,
864,7,AL-II-23-2,,23,2,
865,7,AL-II-23-3,,23,3,
866,7,AL-II-23-4,,23,4,
867,7,AL-II-23-5,,23,5,
868,7,AL-II-23-6,,23,6,
869,7,AL-II-23-7,,23,7,
870,7,AL-II-23-8,,23,8,
871,7,AL-II-23-9,,23,9,
872,7,AL-II-23-10,,23,10,
873,7,AL-II-23-11,,23,11,
874,7,AL-II-23-12,,23,12,
875,7,AL-II-23-13,,23,13,
876,7,AL-II-23-14,,23,14,
877,7,AL-II-23-15,,23,15,
878,7,AL-II-23-16,,23,16,
879,7,AL-II-23-17,,23,17,
880,7,AL-II-23-18,,23,18,
881,7,AL-II-23-19,,23,19,
882,7,AL-II-23-20,,23,20,
883,7,AL-II-23-21,,23,21,
884,7,AL-II-23-22,,23,22,
885,7,AL-II-23-23,,23,23,
886,7,AL-II-23-24,,23,24,
887,7,AL-II-23-25,,23,25,
888,41,QI-9-15,L,9,15,
889,8,LA-1-1,,1,1,
890,8,LA-1-2,,1,2,
891,8,LA-1-3,,1,3,
892,8,LA-1-4,,1,4,
893,8,LA-1-5,,1,5,
894,8,LA-1-6,,1,6,
895,8,LA-1-7,,1,7,
896,8,LA-1-8,,1,8,
897,8,LA-1-9,,1,9,
898,8,LA-1-10,,1,10,
899,8,LA-1-11,,1,11,
900,8,LA-1-12,,1,12,
901,8,LA-1-13,,1,13,
902,8,LA-1-14,,1,14,
903,8,LA-1-15,,1,15,
904,8,LA-1-16,,1,16,
905,8,LA-1-17,,1,17,
906,8,LA-1-18,,1,18,
907,8,LA-1-19,,1,19,
908,8,LA-1-20,,1,20,
909,8,LA-1-21,,1,21,
910,8,LA-1-22,,1,22,
911,8,LA-1-23,,1,23,
912,8,LA-1-24,,1,24,
913,8,LA-1-25,,1,25,
914,8,LA-2-1,,2,1,
915,8,LA-2-2,,2,2,
916,8,LA-2-3,,2,3,
917,8,LA-2-4,,2,4,
918,8,LA-2-5,,2,5,
919,8,LA-2-6,,2,6,
920,8,LA-2-7,,2,7,
921,8,LA-2-8,,2,8,
922,8,LA-2-9,,2,9,
923,8,LA-2-10,,2,10,
924,8,LA-2-11,,2,11,
925,8,LA-2-12,,2,12,
926,8,LA-2-13,,2,13,
927,8,LA-2-14,,2,14,
928,8,LA-2-15,,2,15,
929,8,LA-2-16,,2,16,
930,8,LA-2-17,,2,17,
931,8,LA-2-18,,2,18,
932,8,LA-2-19,,2,19,
933,8,LA-3-1,,3,1,
934,8,LA-3-2,,3,2,
935,8,LA-3-3,,3,3,
936,8,LA-3-4,,3,4,
937,8,LA-3-5,,3,5,
938,8,LA-3-6,,3,6,
939,8,LA-3-7,,3,7,
940,8,LA-3-8,,3,8,
941,8,LA-3-9,,3,9,
942,8,LA-3-10,,3,10,
943,8,LA-3-11,,3,11,
944,8,LA-4-1,,4,1,
945,8,LA-4-2,,4,2,
946,8,LA-4-3,,4,3,
947,8,LA-4-4,,4,4,
948,8,LA-4-5,,4,5,
949,8,LA-4-6,,4,6,
950,8,LA-4-7,,4,7,
951,8,LA-4-8,,4,8,
952,8,LA-4-9,,4,9,
953,8,LA-4-10,,4,10,
954,8,LA-4-11,,4,11,
955,8,LA-4-12,,4,12,
956,8,LA-4-13,,4,13,
957,8,LA-4-14,,4,14,
958,8,LA-4-15,,4,15,
959,8,LA-4-16,,4,16,
960,8,LA-4-17,,4,17,
961,8,LA-4-18,,4,18,
962,8,LA-4-19,,4,19,
963,8,LA-4-20,,4,20,
964,8,LA-4-21,,4,21,
965,8,LA-4-22,,4,22,
966,8,LA-4-23,,4,23,
967,8,LA-4-24,,4,24,
968,8,LA-4-25,,4,25,
969,8,LA-4-26,,4,26,
970,8,LA-4-27,,4,27,
971,8,LA-4-28,,4,28,
972,8,LA-4-29,,4,29,
973,8,LA-4-30,,4,30,
974,8,LA-5-1,,5,1,
975,8,LA-5-2,,5,2,
976,8,LA-5-3,,5,3,
977,8,LA-5-4,,5,4,
978,8,LA-5-5,,5,5,
979,8,LA-5-6,,5,6,
980,8,LA-5-7,,5,7,
981,8,LA-5-8,,5,8,
982,8,LA-5-9,,5,9,
983,8,LA-5-10,,5,10,
984,8,LA-5-11,,5,11,
985,8,LA-5-12,,5,12,
986,8,LA-5-13,,5,13,
987,8,LA-5-14,,5,14,
988,8,LA-5-15,,5,15,
989,8,LA-5-16,,5,16,
990,8,LA-5-17,,5,17,
991,8,LA-5-18,,5,18,
992,8,LA-5-19,,5,19,
993,8,LA-5-20,,5,20,
994,8,LA-5-21,,5,21,
995,8,LA-5-22,,5,22,
996,8,LA-5-23,,5,23,
997,8,LA-5-24,,5,24,
998,8,LA-5-25,,5,25,
999,8,LA-5-26,,5,26,
1000,8,LA-6-1,,6,1,
1001,8,LA-6-2,,6,2,
1002,8,LA-6-3,,6,3,
1003,8,LA-6-4,,6,4,
1004,8,LA-6-5,,6,5,
1005,8,LA-6-6,,6,6,
1006,8,LA-6-7,,6,7,
1007,8,LA-6-8,,6,8,
1008,8,LA-6-9,,6,9,
1009,8,LA-6-10,,6,10,
1010,8,LA-6-11,,6,11,
1011,8,LA-6-12,,6,12,
1012,8,LA-6-13,,6,13,
1013,8,LA-6-14,,6,14,
1014,8,LA-6-15,,6,15,
1015,8,LA-6-16,,6,16,
1016,8,LA-6-17,,6,17,
1017,8,LA-6-18,,6,18,
1018,8,LA-6-19,,6,19,
1019,8,LA-6-20,,6,20,
1020,8,LA-6-21,,6,21,
1021,8,LA-6-22,,6,22,
1022,8,LA-6-23,,6,23,
1023,8,LA-6-24,,6,24,
1024,8,LA-6-25,,6,25,
1025,8,LA-6-26,,6,26,
1026,8,LA-7-1,,7,1,
1027,8,LA-7-2,,7,2,
1028,8,LA-7-3,,7,3,
1029,8,LA-7-4,,7,4,
1030,8,LA-7-5,,7,5,
1031,8,LA-7-6,,7,6,
1032,8,LA-7-7,,7,7,
1033,8,LA-7-8,,7,8,
1034,8,LA-7-9,,7,9,
1035,8,LA-7-10,,7,10,
1036,8,LA-7-11,,7,11,
1037,8,LA-7-12,,7,12,
1038,8,LA-7-13,,7,13,
1039,8,LA-7-14,,7,14,
1040,8,LA-7-15,,7,15,
1041,8,LA-7-16,,7,16,
1042,8,LA-7-17,,7,17,
1043,8,LA-7-18,,7,18,
1044,8,LA-7-19,,7,19,
1045,8,LA-7-20,,7,20,
1046,8,LA-7-21,,7,21,
1047,8,LA-7-22,,7,22,
1048,8,LA-7-23,,7,23,
1049,8,LA-7-24,,7,24,
1050,8,LA-7-25,,7,25,
1051,8,LA-7-26,,7,26,
1052,8,LA-7-27,,7,27,
1053,8,LA-7-28,,7,28,
1054,8,LA-8-1,,8,1,
1055,8,LA-8-2,,8,2,
1056,8,LA-8-3,,8,3,
1057,8,LA-8-4,,8,4,
1058,8,LA-8-5,,8,5,
1059,8,LA-8-6,,8,6,
1060,8,LA-8-7,,8,7,
1061,8,LA-8-8,,8,8,
1062,8,LA-8-9,,8,9,
1063,8,LA-8-10,,8,10,
1064,8,LA-8-11,,8,11,
1065,8,LA-8-12,,8,12,
1066,8,LA-8-13,,8,13,
1067,8,LA-8-14,,8,14,
1068,8,LA-9-1,,9,1,
1069,8,LA-9-2,,9,2,
1070,8,LA-9-3,,9,3,
1071,8,LA-9-4,,9,4,
1072,8,LA-9-5,,9,5,
1073,8,LA-9-6,,9,6,
1074,8,LA-9-7,,9,7,
1075,8,LA-9-8,,9,8,
1076,8,LA-9-9,,9,9,
1077,8,LA-9-10,,9,10,
1078,8,LA-9-11,,9,11,
1079,8,LA-9-12,,9,12,
1080,8,LA-9-13,,9,13,
1081,8,LA-10-1,,10,1,
1082,8,LA-10-2,,10,2,
1083,8,LA-10-3,,10,3,
1084,8,LA-10-4,,10,4,
1085,8,LA-10-5,,10,5,
1086,8,LA-10-6,,10,6,
1087,8,LA-10-7,,10,7,
1088,8,LA-10-8,,10,8,
1089,8,LA-10-9,,10,9,
1090,8,LA-10-10,,10,10,
1091,8,LA-10-11,,10,11,
1092,8,LA-10-12,,10,12,
1093,8,LA-10-13,,10,13,
1094,8,LA-10-14,,10,14,
1095,8,LA-10-15,,10,15,
1096,8,LA-10-16,,10,16,
1097,8,LA-11-1,,11,1,
1098,8,LA-11-2,,11,2,
1099,8,LA-11-3,,11,3,
1100,8,LA-11-4,,11,4,
1101,8,LA-11-5,,11,5,
1102,8,LA-11-6,,11,6,
1103,8,LA-11-6a,,11,6a,
1104,8,LA-11-6b,,11,6b,
1105,8,LA-11-6c,,11,6c,
1106,8,LA-11-7,,11,7,
1107,8,LA-11-8,,11,8,
1108,8,LA-11-9,,11,9,
1109,8,LA-11-10,,11,10,
1110,8,LA-11-11,,11,11,
1111,8,LA-11-12,,11,12,
1112,8,LA-11-13,,11,13,
1113,8,LA-11-14,,11,14,
1114,8,LA-11-15,,11,15,
1115,8,LA-11-16,,11,16,
1116,8,LA-11-17,,11,17,
1117,8,LA-11-18,,11,18,
1118,8,LA-11-19,,11,19,
1119,8,LA-11-20,,11,20,
1120,8,LA-11-21,,11,21,
1121,41,QI-8-31,L,8,31,
1122,41,QI-9-8,L,9,8,
1123,41,QI-8-1-J,L,8,1-J,
1124,41,QI-8-2,L,8,2,
1125,41,QI-8-3,L,8,3,
1126,41,QI-8-4,L,8,4,
1127,41,QI-9-7,L,9,7,
1128,41,QI-8-5,L,8,5,
1129,41,QI-8-6,L,8,6,
1130,41,QI-8-7,L,8,7,
1131,41,QI-8-8,L,8,8,
1132,41,QI-8-9,L,8,9,
1133,41,QI-8-10,L,8,10,
1134,41,QI-8-11,L,8,11,
1135,41,QI-8-12,L,8,12,
1136,41,QI-8-13,L,8,13,
1137,41,QI-8-14,L,8,14,
1138,41,QI-8-15,L,8,15,
1139,41,QI-8-16,L,8,16,
1140,41,QI-8-17,L,8,17,
1141,41,QI-8-18,L,8,18,
1142,41,QI-8-19,L,8,19,
1143,41,QI-8-20,L,8,20,
1144,41,QI-8-21,L,8,21,
1145,41,QI-8-22,L,8,22,
1146,41,QI-8-23,L,8,23,
1147,41,QI-8-24,L,8,24,
1148,41,QI-8-25,L,8,25,
1149,41,QI-8-26,L,8,26,
1150,41,QI-8-27,L,8,27,
1151,41,QI-8-28,L,8,28,
1152,41,QI-8-29,L,8,29,
1153,41,QI-8-30,L,8,30,
1154,41,QI-9-1,L,9,1,
1155,41,QI-9-2,L,9,2,
1156,41,QI-9-3,L,9,3,
1157,41,QI-9-4,L,9,4,
1158,41,QI-9-5,L,9,5,
1159,41,QI-9-6,L,9,6,
1160,41,QI-9-9,L,9,9,
1161,41,QI-9-10,L,9,10,
1162,41,QI-9-11,L,9,11,
1163,41,QI-9-12,L,9,12,
1164,41,QI-9-13,L,9,13,
1165,41,QI-9-14,L,9,14,
1166,41,QI-9-16,L,9,16,
1167,41,QI-9-17,L,9,17,
1168,41,QI-9-18,L,9,18,
1169,41,QI-10-1,L,10,1,
1170,41,QI-10-2,L,10,2,
1171,41,QI-10-3,L,10,3,
1172,41,QI-10-4,L,10,4,
1173,41,QI-10-5,L,10,5,
1174,41,QI-10-6,L,10,6,
1175,41,QI-10-7,L,10,7,
1176,41,QI-10-8,L,10,8,
1177,41,QI-10-9,L,10,9,
1178,41,QI-10-10,L,10,10,
1179,41,QI-10-11,L,10,11,
1180,41,QI-10-12,L,10,12,
1181,41,QI-10-13,L,10,13,
1182,41,QI-10-14,L,10,14,
1183,41,QI-10-15,L,10,15,
1184,41,QI-10-16,L,10,16,
1185,41,QI-10-17,L,10,17,
1186,41,QI-10-18,L,10,18,
1187,41,QI-10-19,L,10,19,
1188,41,QI-10-20,L,10,20,
1189,41,QI-10-21,L,10,21,
1190,41,QI-10-22,L,10,22,
1191,41,QI-10-23,L,10,23,
1192,41,QI-10-24,L,10,24,
1193,41,QI-10-25,L,10,25,
1194,41,QI-10-26,L,10,26,
1195,41,QI-10-27,L,10,27,
1197,30,JY-13-15,L,13,15,
1198,40,SCJ-3-4,L,3,4,
1199,30,JY-27-48,L,27,48,
1200,30,JY-27-20,L,27,20,
1201,30,JY-27-49,L,27,49,
1202,30,JY-21-6,L,21,6,
1203,30,JY-24-1,L,24,1,
1204,30,JY-19-13,L,19,13,
1205,30,JY-7-2,L,7,2,
1206,30,JY-9-11,L,9,11,
1207,30,JY-25-3,L,25,3,
1208,30,JY-19-4,L,19,4,
1209,30,JY-2-4,L,2,4,
1210,30,JY-22-20,L,22,20,
1211,30,JY-14-6,L,14,6,
1212,30,JY-11-6,L,11,6,
1213,30,JY-12-5,L,12,5,
1214,41,QI-8-1,L,8,1,
1215,41,QI-8-1A,L,8,1A,
1216,41,QI-8-1B,L,8,1B,
1217,41,QI-8-1C,L,8,1C,
1218,41,QI-8-1D,L,8,1D,
1219,41,QI-8-1E,L,8,1E,
1220,41,QI-8-1F,L,8,1F,
1221,41,QI-8-1G,L,8,1G,
1222,41,QI-8-1H,L,8,1H,
1223,41,QI-8-1I,L,8,1I,
1224,41,QI-8-1J,L,8,1J,
1226,35,AC-I-1-1,L,1,1,ACREES
1227,35,AC-I-1-1A,L,1,1A,
1228,35,AC-I-1-2,L,1,2,
1229,35,AC-I-1-2A,L,1,2A,
1230,35,AC-I-1-3,L,1,3,
1231,35,AC-I-1-3A,L,1,3A,
1232,35,AC-I-1-3B,L,1,3B,
1233,35,AC-I-1-4,L,1,4,
1234,35,AC-I-1-5,,1,5,
1235,35,AC-I-1-6,,1,6,
1236,35,AC-I-1-7,,1,7,
1237,35,AC-I-1-8,,1,8,
1238,35,AC-I-1-9,,1,9,
1239,35,AC-I-1-10,L,1,10,ACREES
1240,35,AC-I-1-11,L,1,11,
1241,35,AC-I-1-12,L,1,12,
1242,35,AC-I-1-13,L,1,13,
1243,35,AC-I-1-14,L,1,14,
1244,35,AC-I-1-15,L,1,15,
1245,35,AC-I-1-16,L,1,16,
1246,35,AC-I-1-17,L,1,17,
1247,35,AC-I-1-18,L,1,18,
1248,35,AC-I-2-1,L,2,1,
1249,35,AC-I-2-2,L,2,2,
1250,35,AC-I-2-3,L,2,3,
1251,35,AC-I-2-3A,L,2,3A,
1252,35,AC-I-2-4,L,2,4,
1253,35,AC-I-2-5,L,2,5,
1254,35,AC-I-2-6,L,2,6,
1255,35,AC-I-2-6A,L,2,6A,
1256,35,AC-I-2-7,L,2,7,
1257,35,AC-I-2-7A,L,2,7A,
1258,35,AC-I-2-7B,L,2,7B,
1259,35,AC-I-2-8,L,2,8,
1260,35,AC-I-2-8A,L,2,8A,
1261,35,AC-I-2-8B,L,2,8B,
1262,35,AC-I-3-1,L,3,1,
1263,35,AC-I-3-1A,L,3,1A,
1264,35,AC-I-3-1B,L,3,1B,
1265,35,AC-I-3-1C,L,3,1C,
1266,35,AC-I-3-2,L,3,2,
1267,35,AC-I-3-2A,L,3,2A,
1268,35,AC-I-3-2B,L,3,2B,
1269,35,AC-I-3-2C,L,3,2C,
1270,35,AC-I-3-2D,L,3,2D,
1271,35,AC-I-3-3,L,3,3,
1272,35,AC-I-3-3A,L,3,3A,
1273,35,AC-I-3-3B,L,3,3B,
1274,35,AC-I-3-3C,L,3,3C,
1275,35,AC-I-3-3D,L,3,3D,
1276,35,AC-I-3-4,L,3,4,
1277,35,AC-I-3-4A,L,3,4A,
1278,35,AC-I-3-4B,L,3,4B,
1279,35,AC-I-3-4C,L,3,4C,
1280,35,AC-I-4-1,L,4,1,
1281,35,AC-I-4-2,L,4,2,
1282,35,AC-I-4-3,L,4,3,
1283,35,AC-I-4-3A,L,4,3A,
1284,35,AC-I-4-4,L,4,4,
1285,35,AC-I-4-5,L,4,5,
1286,35,AC-I-4-6,L,4,6,
1287,35,AC-I-4-7,L,4,7,
1288,35,AC-I-4-8,L,4,8,
1289,35,AC-I-4-8a,L,4,8a,
1290,35,AC-I-4-9,L,4,9,
1291,35,AC-I-4-10,L,4,10,
1292,35,AC-I-4-11,L,4,11,
1293,35,AC-I-4-12,L,4,12,
1294,35,AC-I-4-13,L,4,13,
1295,35,AC-I-4-13a,L,4,13a,
1296,35,AC-I-4-13b,L,4,13b,
1297,35,AC-I-5-1,L,5,1,
1298,35,AC-I-5-1a,L,5,1a,
1299,35,AC-I-5-2,L,5,2,
1300,35,AC-I-5-2a,L,5,2a,
1301,35,AC-I-5-3,L,5,3,
1302,35,AC-I-5-3a,L,5,3a,
1303,35,AC-I-5-4,L,5,4,
1304,35,AC-I-5-4a,L,5,4a,
1305,35,AC-I-5-4b,L,5,4b,
1306,35,AC-I-5-5,L,5,5,
1307,35,AC-I-5-6,L,5,6,
1308,35,AC-I-5-6a,L,5,6a,
1309,35,AC-I-5-7,L,5,7,
1310,35,AC-I-5-7a,L,5,7a,
1311,35,AC-I-5-8,L,5,8,
1312,35,AC-I-5-8a,L,5,8a,
1313,35,AC-I-5-9,L,5,9,
1314,35,AC-I-5-9a,L,5,9a,
1315,35,AC-I-5-10,L,5,10,
1316,35,AC-I-5-10a,L,5,10a,
1317,35,AC-I-5-11,L,5,11,
1318,35,AC-I-5-11a,L,5,11a,
1319,35,AC-I-5-12,L,5,12,
1320,35,AC-I-5-12a,L,5,12a,
1321,35,AC-I-5A-1,L,5A,1,
1322,35,AC-I-5A-2,L,5A,2,
1323,35,AC-I-5A-3,L,5A,3,
1324,35,AC-I-5A-4,L,5A,4,
1325,35,AC-I-5A-5,L,5A,5,
1326,35,AC-I-5A-6,L,5A,6,
1327,35,AC-I-5A-7,L,5A,7,
1328,35,AC-I-5A-8,L,5A,8,
1329,35,AC-I-5A-9,L,5A,9,
1330,35,AC-I-5A-10,L,5A,10,
1331,35,AC-I-5A-11,L,5A,11,
1332,35,AC-I-5A-12,L,5A,12,
1333,35,AC-I-5A-13,L,5A,13,
1334,35,AC-I-5A-14,L,5A,14,
1335,35,AC-I-5A-15,L,5A,15,
1336,35,AC-I-5A-16,L,5A,16,
1337,35,AC-I-5A-17,L,5A,17,
1338,35,AC-I-5A-18,L,5A,18,
1339,35,AC-I-5A-19,L,5A,19,
1340,35,AC-I-5A-20,L,5A,20,
1341,35,AC-I-5A-21,L,5A,21,
1342,35,AC-I-5A-22,L,5A,22,
1343,35,AC-I-5A-23,L,5A,23,
1344,35,AC-I-5A-24,L,5A,24,
1345,35,AC-I-5A-25,L,5A,25,
1346,35,AC-I-6-1,L,6,1,
1347,35,AC-I-6-1a,L,6,1a,
1348,35,AC-I-6-1b,L,6,1b,
1349,35,AC-I-6-2,L,6,2,
1350,35,AC-I-6-2a,L,6,2a,
1351,35,AC-I-6-2b,L,6,2b,
1352,35,AC-I-6-3,L,6,3,
1353,35,AC-I-6-3a,L,6,3a,
1354,35,AC-I-6-3b,L,6,3b,
1355,35,AC-I-6-3c,L,6,3c,
1356,35,AC-I-6-4,L,6,4,
1357,35,AC-I-6-4a,L,6,4a,
1358,35,AC-I-6-4b,L,6,4b,
1359,35,AC-I-6-4c,L,6,4c,
1360,35,AC-I-6-5,L,6,5,
1361,35,AC-I-6-5a,L,6,5a,
1362,35,AC-I-6-5b,L,6,5b,
1363,35,AC-I-6-5c,L,6,5c,
1364,35,AC-I-6-5d,L,6,5d,
1365,35,AC-I-6-5e,L,6,5e,
1366,35,AC-I-6-5f,L,6,5f,
1367,35,AC-I-6-6,L,6,6,
1368,35,AC-I-6-6a,L,6,6a,
1369,35,AC-I-6-7,L,6,7,
1370,35,AC-I-6-7a,L,6,7a,
1371,35,AC-I-6-8,L,6,8,
1372,35,AC-I-6-9,L,6,9,
1373,35,AC-I-6-9a,L,6,9a,
1374,35,AC-I-6-10,L,6,10,
1375,35,AC-I-6-11,L,6,11,
1376,35,AC-I-6-11a,L,6,11a,
1377,35,AC-I-6-11b,L,6,11b,
1378,35,AC-I-6-12,L,6,12,
1379,35,AC-I-7-1,L,7,1,
1380,35,AC-I-7-1a,L,7,1a,
1381,35,AC-I-7-1b,L,7,1b,
1382,35,AC-I-7-2,L,7,2,
1383,35,AC-I-7-3,L,7,3,
1384,35,AC-I-7-4,L,7,4,
1385,35,AC-I-7-4a,L,7,4a,
1386,35,AC-I-8-1,L,8,1,
1387,35,AC-I-8-1a,L,8,1a,
1388,35,AC-I-8-2,L,8,2,
1389,35,AC-I-8-3,L,8,3,
1390,35,AC-I-8-3a,L,8,3a,
1391,35,AC-I-8-4,L,8,4,
1392,35,AC-I-8-4a,L,8,4a,
1393,35,AC-I-8-5,L,8,5,
1394,35,AC-I-8-5a,L,8,5a,
1395,35,AC-I-8-6,L,8,6,
1396,35,AC-I-8-6a,L,8,6a,
1397,35,AC-I-8-7,L,8,7,
1398,35,AC-I-8-8,L,8,8,
1399,35,AC-I-8-9,L,8,9,
1400,35,AC-I-8-10,L,8,10,
1401,35,AC-I-8-10a,L,8,10a,
1402,35,AC-I-8-11,L,8,11,
1403,35,AC-I-8-12,L,8,12,
1404,35,AC-I-8-12a,L,8,12a,
1405,35,AC-I-8-12b,L,8,12b,
1406,35,AC-I-8-12c,L,8,12c,
1407,35,AC-I-8-13,L,8,13,
1408,35,AC-I-8-14,L,8,14,
1409,35,AC-I-9-1,L,9,1,
1410,35,AC-I-9-2,L,9,2,
1411,35,AC-I-9-3,L,9,3,
1412,35,AC-I-9-4,L,9,4,
1413,35,AC-I-9-5,L,9,5,
1414,35,AC-I-9-6,L,9,6,
1415,35,AC-I-9-7,L,9,7,
1416,35,AC-I-9-8,L,9,8,
1417,35,AC-I-9-9,L,9,9,
1418,35,AC-I-9-10,L,9,10,
1419,35,AC-I-9-11,L,9,11,
1420,35,AC-I-9-12,L,9,12,
1421,35,AC-I-9-13,L,9,13,
1422,37,CA-II-U-1,L,U,1,
1423,37,CA-II-U-3,L,U,3,
1424,37,CA-II-U-4,L,U,4,
1425,37,CA-II-U-5,L,U,5,
1426,37,CA-II-U-6,L,U,6,
1427,37,CA-II-U-7,L,U,7,
1428,37,CA-II-U-8,L,U,8,
1429,37,CA-II-U-9,L,U,9,
1430,37,CA-II-U-10,L,U,10,
1431,37,CA-II-U-11,L,U,11,
1432,37,CA-II-U-12,L,U,12,
1433,37,CA-II-U-5a,L,U,5a,
1434,17,FI-1-1,L,1,1,
1435,17,FI-1-2,L,1,2,
1436,17,FI-1-3,L,1,3,
1437,17,FI-1-4,L,1,4,
1438,17,FI-1-6,L,1,6,
1439,17,FI-1-7a,L,1,7a,
1440,17,FI-1-7b,L,1,7b,
1441,17,FI-1-8a,L,1,8a,
1442,17,FI-1-8b,L,1,8b,
1443,17,FI-1-8c,L,1,8c,
1444,17,FI-1-8d,L,1,8d,
1445,17,FI-1-8e,L,1,8e,
1446,17,FI-1-9b,L,1,9b,
1447,17,FI-1-10a,L,1,10a,
1448,17,FI-1-10b,L,1,10b,
1449,17,FI-1-11a,L,1,11a,
1450,17,FI-1-11b,L,1,11b,
1451,17,FI-1-12a,L,1,12a,
1452,17,FI-1-12b,L,1,12b,
1453,17,FI-1-13,L,1,13,
1454,17,FI-1-14,L,1,14,
1455,17,FI-1-15,L,1,15,
1456,17,FI-1-15a,L,1,15a,
1457,17,FI-1-16,L,1,16,
1458,17,FI-1-17,L,1,17,
1459,17,FI-1-18,L,1,18,
1460,17,FI-1-19,L,1,19,
1461,17,FI-1-20a,L,1,20a,
1462,17,FI-1-20b,L,1,20b,
1463,17,FI-1-21a,L,1,21a,
1464,17,FI-1-21b,L,1,21b,
1465,17,FI-2-1,L,2,1,
1466,17,FI-2-2,L,2,2,
1467,17,FI-2-3,L,2,3,
1468,17,FI-2-4,L,2,4,
1469,17,FI-2-6,L,2,6,
1470,17,FI-2-7,L,2,7,
1471,17,FI-2-8,L,2,8,
1472,17,FI-2-9,L,2,9,
1473,17,FI-2-10,L,2,10,
1474,17,FI-2-11,L,2,11,
1475,17,FI-2-12,L,2,12,
1476,17,FI-2-13,L,2,13,
1477,17,FI-2-14,L,2,14,
1478,17,FI-2-15,L,2,15,
1479,17,FI-2-16,L,2,16,
1480,17,FI-2-17,L,2,17,
1481,17,FI-2-18,L,2,18,
1482,17,FI-2-19,L,2,19,
1483,17,FI-2-20,L,2,20,
1484,17,FI-2-21,L,2,21,
1485,17,FI-2-22,L,2,22,
1486,17,FI-2-23,L,2,23,
1487,17,FI-2-24,L,2,24,
1488,17,FI-2a-1,L,2a,1,
1489,17,FI-2a-2,L,2a,2,
1490,17,FI-2a-3,L,2a,3,
1491,17,FI-2a-4,L,2a,4,
1492,17,FI-2a-5,L,2a,5,
1493,17,FI-2a-6,L,2a,6,
1494,17,FI-2a-7,L,2a,7,
1495,17,FI-2a-8,L,2a,8,
1496,17,FI-2a-9,L,2a,9,
1497,17,FI-2a-10,L,2a,10,
1498,17,FI-2a-11,L,2a,11,
1499,17,FI-2b-1,L,2b,1,
1500,17,FI-2b-2,L,2b,2,
1501,17,FI-2b-3,L,2b,3,
1502,17,FI-2b-5,L,2b,5,
1503,17,FI-3-1,,3,1,
1504,17,FI-3-2,,3,2,
1505,17,FI-3-2a,,3,2a,
1506,17,FI-3-2b,,3,2b,
1507,17,FI-3-2c,,3,2c,
1508,17,FI-3-4,,3,4,
1509,17,FI-3-5,,3,5,
1510,17,FI-3-6,,3,6,
1511,17,FI-3-7a,,3,7a,
1512,17,FI-3-7b,,3,7b,
1513,17,FI-3-8a,,3,8a,
1514,17,FI-3-8b,,3,8b,
1515,17,FI-3-9,,3,9,
1516,17,FI-3-10,,3,10,
1517,17,FI-3-11,,3,11,
1518,17,FI--,,,,
1519,17,FI-4-1,,4,1,
1520,17,FI-4-2a,,4,2a,
1521,17,FI-4-2b,,4,2b,
1522,17,FI-4-3a,,4,3a,
1523,17,FI-4-3b,,4,3b,
1524,17,FI-4-5,,4,5,
1525,17,FI-4-6,,4,6,
1526,17,FI-4-7,,4,7,
1527,17,FI-4-8a,,4,8a,
1528,17,FI-4-8b,,4,8b,
1529,17,FI-4-9a,,4,9a,
1530,17,FI-4-9b,,4,9b,
1531,17,FI-4-10a,,4,10a,
1532,17,FI-4-10b,,4,10b,
1533,17,FI-4-11a,,4,11a,
1534,17,FI-4-11b,,4,11b,
1535,17,FI-4-12,,4,12,
1536,17,FI-5-1a,,5,1a,
1537,17,FI-5-1b,,5,1b,
1538,17,FI-5-2a,,5,2a,
1539,17,FI-5-2b,,5,2b,
1540,17,FI-5-3a,,5,3a,
1541,17,FI-5-3b,,5,3b,
1542,17,FI-5-4a,,5,4a,
1543,17,FI-5-4b,,5,4b,
1544,17,FI-5-5a,,5,5a,
1545,17,FI-5-5b,,5,5b,
1546,17,FI-5-6,,5,6,
1547,17,FI-5-7,,5,7,
1548,17,FI-5-8,,5,8,
1549,17,FI-5-9,,5,9,
1550,17,FI-5-10,,5,10,
1551,17,FI-5-11,,5,11,
1552,17,FI-5-12,,5,12,
1553,17,FI-5-13a,,5,13a,
1554,17,FI-5-13b,,5,13b,
1556,17,FI-5-15,,5,15,
1557,17,FI-5-16,,5,16,
1558,17,FI-6-2,L,6,2,
1559,17,FI-6-3a,L,6,3a,
1560,17,FI-6-3b,L,6,3b,
1561,17,FI-6-4a,L,6,4a,
1562,17,FI-6-4b,L,6,4b,
1563,17,FI-6-5a,L,6,5a,
1564,17,FI-6-5b,L,6,5b,
1565,17,FI-6-6a,L,6,6a,
1566,17,FI-6-6b,L,6,6b,
1567,17,FI-6-7,L,6,7,
1568,17,FI-6-8,L,6,8,
1569,17,FI-6-9,L,6,9,
1570,17,FI-6-10,L,6,10,
1571,17,FI-6-11,L,6,11,
1572,17,FI-6-12,L,6,12,
1573,17,FI-6-13,L,6,13,
1574,17,FI-6-14,L,6,14,
1575,17,FI-6-15,L,6,15,
1576,17,FI-6-16,L,6,16,
1577,17,FI-6-17,L,6,17,
1578,17,FI-6-18,L,6,18,
1579,17,FI-7-1,L,7,1,
1580,17,FI-7-2,L,7,2,
1581,17,FI-7-4,L,7,4,
1582,17,FI-7-5,L,7,5,
1583,17,FI-7-6,L,7,6,
1584,17,FI-7-7,L,7,7,
1585,17,FI-7-8,L,7,8,
1586,17,FI-7-9,L,7,9,
1587,17,FI-7-10,L,7,10,
1588,17,FI-7-11a,L,7,11a,
1589,17,FI-7-11b,L,7,11b,
1590,17,FI-7-12,L,7,12,
1591,17,FI-7-13,L,7,13,
1592,17,FI-7-14,L,7,14,
1593,17,FI-7-15,L,7,15,
1594,17,FI-8-1a,L,8,1a,
1595,17,FI-8-1b,l,8,1b,
1596,17,FI-8a-1a,L,8a,1a,
1597,17,FI-8a-1b,L,8a,1b,
1598,17,FI-8a-2,L,8a,2,
1599,17,FI-8a-3,L,8a,3,
1600,17,FI-8a-4,L,8a,4,
1601,17,FI-8a-5a,L,8a,5a,
1602,17,FI-8a-5b,L,8a,5b,
1603,17,FI-9-1,L,9,1,
1604,17,FI-9-2,L,9,2,
1605,17,FI-9-3,L,9,3,
1606,17,FI-9-4,L,9,4,
1607,17,FI-9-5,L,9,5,
1608,17,FI-9-6,L,9,6,
1609,17,FI-9-7,L,9,7,
1610,17,FI-9-8,L,9,8,
1611,17,FI-9-9,L,9,9,
1612,17,FI-9-10,L,9,10,
1613,17,FI-9-11,L,9,11,
1614,17,FI-9-12,L,9,12,
1615,17,FI-9-13,L,9,13,
1616,17,FI-9-14,L,9,14,
1617,17,FI-9-15,L,9,15,
1618,17,FI-9-16,L,9,16,
1619,17,FI-9-17,L,9,17,
1620,17,FI-9-18,L,9,18,
1621,17,FI-9-19,L,9,19,
1622,17,FI-9-20,L,9,20,
1623,17,FI-9a-1,L,9a,1,
1624,17,FI-9a-2,L,9a,2,
1625,17,FI-9a-3,L,9a,3,
1626,17,FI-9a-4,L,9a,4,
1627,17,FI-9a-5,L,9a,5,
1628,17,FI-9a-6,L,9a,6,
1629,17,FI-9a-7,L,9a,7,
1630,17,FI-9a-8,L,9a,8,
1631,17,FI-9a-9,L,9a,9,
1632,17,FI-9a-10,L,9a,10,
1633,17,FI-9a-11,L,9a,11,
1634,17,FI-9a-12,L,9a,12,
1635,17,FI-9a-13,L,9a,13,
1636,17,FI-9a-14,L,9a,14,
1637,17,FI-9a-15,L,9a,15,
1638,17,FI-9a-16,L,9a,16,
1639,17,FI-9a-17,L,9a,17,
1640,17,FI-9a-18,L,9a,18,
1641,17,FI-9a-19,L,9a,19,
1642,17,FI-9a-20,L,9a,20,
1643,17,FI-9a-21,L,9a,21,
1644,17,FI-9a-22,L,9a,22,
1645,17,FI-9b-1,L,9b,1,
1646,17,FI-9b-2,L,9b,2,
1647,17,FI-9b-3,L,9b,3,
1648,17,FI-9b-4,L,9b,4,
1649,17,FI-9b-5,L,9b,5,
1650,17,FI-9b-6,L,9b,6,
1651,17,FI-9b-7,L,9b,7,
1652,17,FI-9b-10,L,9b,10,
1653,17,FI-9c-1,L,9c,1,
1654,17,FI-9c-2,L,9c,2,
1655,17,FI-9c-3,L,9c,3,
1656,17,FI-9c-4,L,9c,4,
1657,17,FI-9c-6,L,9c,6,
1658,17,FI-9c-7,L,9c,7,
1659,17,FI-9c-8,L,9c,8,
1660,17,FI-10-1,,10,1,
1661,17,FI-10-2,,10,2,
1662,17,FI-10-3,,10,3,
1663,17,FI-10-4,,10,4,
1664,17,FI-10-5,,10,5,
1665,17,FI-10-6,,10,6,
1666,17,FI-10-7,,10,7,
1667,17,FI-10-8a,,10,8a,
1668,17,FI-10-8b,,10,8b,
1669,17,FI-10-9a,,10,9a,
1670,17,FI-10-9b,,10,9b,
1671,17,FI-10-10,,10,10,
1674,17,FI-10-12a,,10,12a,
1675,17,FI-10-12b,,10,12b,
1676,17,FI-10-13a,,10,13a,
1677,17,FI-10-13b,,10,13b,
1678,17,FI-10-14a,,10,14a,
1679,17,FI-10-14b,,10,14b,
1680,17,FI-10-15,,10,15,
1681,17,FI-10-16a,,10,16a,
1682,17,FI-10-16b,,10,16b,
1683,17,FI-10-17a,,10,17a,
1684,17,FI-10-17b,,10,17b,
1685,17,FI-10-18a,,10,18a,
1686,17,FI-10-18b,,10,18b,
1687,17,FI-10-19a,,10,19a,
1688,17,FI-10-19b,,10,19b,
1689,17,FI-10-20a,,10,20a,
1691,17,FI-10-21a,,10,21a,
1693,17,FI-10-22a,,10,22a,
1694,17,FI-10-22b,,10,22b,
1695,17,FI-10-23a,,10,23a,
1696,17,FI-10-23b,,10,23b,
1697,17,FI-10-24a,,10,24a,
1698,17,FI-10-24b,,10,24b,
1699,17,FI-10-25a,,10,25a,
1700,17,FI-10-25b,,10,25b,
1701,17,FI-10-26a,,10,26a,
1702,17,FI-10-27a,,10,27a,
1703,17,FI-10-27b,,10,27b,
1704,17,FI-10-28a,,10,28a,
1705,17,FI-10-28b,,10,28b,
1706,17,FI-10-29a,,10,29a,
1707,17,FI-10-29b,,10,29b,
1708,17,FI-10-30a,,10,30a,
1709,17,FI-10-30b,,10,30b,
1710,17,FI-10-31a,,10,31a,
1711,17,FI-10-31b,,10,31b,
1712,17,FI-10-32a,,10,32a,
1713,17,FI-10-32b,,10,32b,
1715,17,FI-10-33b,,10,33b,
1716,17,FI-10-34a,,10,34a,
1717,17,FI-10-34b,,10,34b,
1718,17,FI-10-35a,,10,35a,
1719,17,FI-10-35b,,10,35b,
1720,17,FI-10-36a,,10,36a,
1721,17,FI-10-36b,,10,36b,
1722,17,FI-10-37a,,10,37a,
1723,17,FI-10-37b,,10,37b,
1724,17,FI-10-38a,,10,38a,
1725,17,FI-10-38b,,10,38b,
1726,17,FI-10-39a,,10,39a,
1727,17,FI-10-39b,,10,39b,
1728,17,FI-10-40a,,10,40a,
1729,17,FI-10-40b,,10,40b,
1730,17,FI-10-41a,,10,41a,
1731,17,FI-10-41b,,10,41b,
1732,17,FI-10-42a,,10,42a,
1733,17,FI-10-42b,,10,42b,
1734,17,FI-10-43a,,10,43a,
1735,17,FI-10-43b,,10,43b,
1736,17,FI-10-44a,,10,44a,
1737,17,FI-10-44b,,10,44b,
1738,17,FI-10-45,,10,45,
1739,17,FI-10-47a,L,10,47a,
1740,17,FI-10-47b,L,10,47b,
1741,17,FI-10-48a,L,10,48a,
1742,17,FI-10-48b,L,10,48b,
1743,17,FI-10-49a,L,10,49a,
1744,17,FI-10-49b,L,10,49b,
1745,17,FI-10-50a,L,10,50a,
1746,17,FI-10-50b,L,10,50b,
1747,17,FI-10-51a,L,10,51a,
1748,17,FI-10-51b,L,10,51b,
1749,17,FI-10-52a,L,10,52a,
1750,17,FI-10-52b,L,10,52b,
1751,17,FI-10-53a,L,10,53a,
1752,17,FI-10-53b,L,10,53b,
1753,17,FI-10-54a,L,10,54a,
1754,17,FI-10-54b,L,10,54b,
1755,17,FI-10-55a,L,10,55a,
1756,17,FI-10-55b,L,10,55b,
1757,17,FI-11-1,L,11,1,
1758,17,FI-11-1b,L,11,1b,
1759,17,FI-11-2,L,11,2,
1760,17,FI-11-3,L,11,3,
1761,17,FI-11-4,L,11,4,
1762,17,FI-11-5,L,11,5,
1763,17,FI-11-6,L,11,6,
1764,17,FI-11-7,L,11,7,
1765,17,FI-11-8,L,11,8,
1766,17,FI-11-9,L,11,9,
1767,17,FI-11-10,L,11,10,
1768,17,FI-11-12,L,11,12,
1769,17,FI-11-14,L,11,14,
1770,17,FI-11-15,L,11,15,
1771,17,FI-11-16,L,11,16,
1772,17,FI-11-17,L,11,17,
1773,17,FI-10-46a,,10,46a,
1775,17,FI-11-11,L,11,11,
1776,30,JY-1-6,L,1,6,
1777,30,JY-1-7,L,1,7,
1778,27,CB-II-1-2,,1,2,
1780,5,RO--,AV,,,
1782,44,LCOR-1-1,L,1,1,1
1783,44,LCOR-1-1a,L,1,1a,1
1784,44,LCOR-1-2,L,1,2,1
1785,44,LCOR-1-2a,L,1,2a,1
1786,44,LCOR-1-3,L,1,3,1
1787,44,LCOR-1-3a,L,1,3a,1
1788,44,LCOR-1-3b,L,1,3b,1
1789,44,LCOR-1-4,L,1,4,1
1790,44,LCOR-1-5,L,1,5,1
1791,44,LCOR-1-6,L,1,6,1
1792,44,LCOR-1-7,L,1,7,1
1793,44,LCOR-1-8,L,1,8,1
1794,44,LCOR-1-9,L,1,9,1
1795,44,LCOR-1-10,L,1,10,1
1796,44,LCOR-1-11,L,1,11,1
1797,44,LCOR-1-12,L,1,12,1
1798,44,LCOR-1-13,L,1,13,1
1799,44,LCOR-1-14,L,1,14,1
1800,44,LCOR-1-15,L,1,15,1
1801,44,LCOR-1-16,L,1,16,1
1802,44,LCOR-1-17,L,1,17,1
1803,44,LCOR-1-18,L,1,18,1
1804,44,LCOR-2-1,L,2,1,1
1805,44,LCOR-2-2,L,2,2,1
1806,44,LCOR-2-3,L,2,3,1
1807,44,LCOR-2-3a,L,2,3a,1
1808,44,LCOR-2-4,L,2,4,1
1809,44,LCOR-2-5,L,2,5,1
1810,44,LCOR-2-6,L,2,6,1
1811,44,LCOR-2-6a,L,2,6a,1
1812,44,LCOR-2-7,L,2,7,1
1813,44,LCOR-2-7a,L,2,7a,1
1814,44,LCOR-2-7b,L,2,7b,1
1815,44,LCOR-2-8,L,2,8,1
1816,44,LCOR-2-8a,L,2,8a,1
1817,44,LCOR-2-8b,L,2,8b,1
1818,44,LCOR-2-9,L,2,9,1
1819,44,LCOR-3-1,L,3,1,1
1820,44,LCOR-3-1a,L,3,1a,1
1821,44,LCOR-3-1b,L,3,1b,1
1822,44,LCOR-3-1c,L,3,1c,1
1823,44,LCOR-3-2,L,3,2,1
1824,44,LCOR-3-2a,L,3,2a,1
1825,44,LCOR-3-2b,L,3,2b,1
1826,44,LCOR-3-2c,L,3,2c,1
1827,44,LCOR-3-2d,L,3,2d,1
1828,44,LCOR-3-3,L,3,3,1
1829,44,LCOR-3-3a,L,3,3a,1
1830,44,LCOR-3-3b,L,3,3b,1
1831,44,LCOR-3-3c,L,3,3c,1
1832,44,LCOR-3-3d,L,3,3d,1
1833,44,LCOR-3-4,L,3,4,1
1834,44,LCOR-3-4a,L,3,4a,1
1835,44,LCOR-3-4b,L,3,4b,1
1836,44,LCOR-3-4c,L,3,4c,1
1837,44,LCOR-4-1,L,4,1,1
1838,44,LCOR-4-2,L,4,2,1
1839,44,LCOR-4-3,L,4,3,1
1840,44,LCOR-4-3a,L,4,3a,1
1841,44,LCOR-4-4,L,4,4,1
1842,44,LCOR-4-5,L,4,5,1
1843,44,LCOR-4-6,L,4,6,1
1844,44,LCOR-4-7,L,4,7,1
1845,44,LCOR-4-8,L,4,8,1
1846,44,LCOR-4-8a,L,4,8a,1
1847,44,LCOR-4-9,L,4,9,1
1848,44,LCOR-4-10,L,4,10,1
1849,44,LCOR-4-11,L,4,11,1
1850,44,LCOR-4-12,L,4,12,1
1851,44,LCOR-4-13,L,4,13,1
1852,44,LCOR-4-13a,L,4,13a,1
1853,44,LCOR-4-13b,L,4,13b,1
1854,44,LCOR-5-1,L,5,1,1
1855,44,LCOR-5-1a,L,5,1a,1
1856,44,LCOR-5-2,L,5,2,1
1857,44,LCOR-5-2a,L,5,2a,1
1858,44,LCOR-5-3,L,5,3,1
1859,44,LCOR-5-3a,L,5,3a,1
1860,44,LCOR-5-4,L,5,4,1
1861,44,LCOR-5-4a,L,5,4a,1
1862,44,LCOR-5-4b,L,5,4b,1
1863,44,LCOR-5-5,L,5,5,1
1864,44,LCOR-5-6,L,5,6,1
1865,44,LCOR-5-6a,L,5,6a,1
1866,44,LCOR-5-7,L,5,7,1
1867,44,LCOR-5-7a,L,5,7a,1
1868,44,LCOR-5-8,L,5,8,1
1869,44,LCOR-5-8a,L,5,8a,1
1870,44,LCOR-5-9,L,5,9,1
1871,44,LCOR-5-9a,L,5,9a,1
1872,44,LCOR-5-10,L,5,10,1
1873,44,LCOR-5-10a,L,5,10a,1
1874,44,LCOR-5-11,L,5,11,1
1875,44,LCOR-5-11a,L,5,11a,1
1876,44,LCOR-5-12,L,5,12,1
1877,44,LCOR-5-12a,L,5,12a,1
1878,44,LCOR-5a-1,L,5a,1,1
1879,44,LCOR-5a-2,L,5a,2,1
1880,44,LCOR-5a-3,L,5a,3,1
1881,44,LCOR-5a-4,L,5a,4,1
1882,44,LCOR-5a-5,L,5a,5,1
1883,44,LCOR-5a-6,L,5a,6,1
1884,44,LCOR-5a-7,L,5a,7,1
1885,44,LCOR-5a-8,L,5a,8,1
1886,44,LCOR-5a-9,L,5a,9,1
1887,44,LCOR-5a-10,L,5a,10,1
1888,44,LCOR-5a-11,L,5a,11,1
1889,44,LCOR-5a-12,L,5a,12,1
1890,44,LCOR-5a-13,L,5a,13,1
1891,44,LCOR-5a-14,L,5a,14,1
1892,44,LCOR-5a-15,L,5a,15,1
1893,44,LCOR-5a-16,L,5a,16,1
1894,44,LCOR-5a-17,L,5a,17,1
1895,44,LCOR-5a-18,L,5a,18,1
1896,44,LCOR-5a-19,L,5a,19,1
1897,44,LCOR-5a-20,L,5a,20,1
1898,44,LCOR-5a-21,L,5a,21,1
1899,44,LCOR-5a-22,L,5a,22,1
1900,44,LCOR-5a-23,L,5a,23,1
1901,44,LCOR-5a-24,L,5a,24,1
1902,44,LCOR-5a-25,L,5a,25,1
1903,44,LCOR-6-1,L,6,1,1
1904,44,LCOR-6-1a,L,6,1a,1
1905,44,LCOR-6-1b,L,6,1b,1
1906,44,LCOR-6-2,L,6,2,1
1907,44,LCOR-6-2a,L,6,2a,1
1908,44,LCOR-6-2b,L,6,2b,1
1909,44,LCOR-6-3,L,6,3,1
1910,44,LCOR-6-3a,L,6,3a,1
1911,44,LCOR-6-3b,L,6,3b,1
1912,44,LCOR-6-3c,L,6,3c,1
1913,44,LCOR-6-4,L,6,4,1
1914,44,LCOR-6-4a,L,6,4a,1
1915,44,LCOR-6-4b,L,6,4b,1
1916,44,LCOR-6-4c,L,6,4c,1
1917,44,LCOR-6-5,L,6,5,1
1918,44,LCOR-6-5a,L,6,5a,1
1919,44,LCOR-6-5b,L,6,5b,1
1920,44,LCOR-6-5c,L,6,5c,1
1921,44,LCOR-6-5d,L,6,5d,1
1922,44,LCOR-6-5e,L,6,5e,1
1923,44,LCOR-6-5f,L,6,5f,1
1924,44,LCOR-6-6,L,6,6,1
1925,44,LCOR-6-6a,L,6,6a,1
1926,44,LCOR-6-7,L,6,7,1
1927,44,LCOR-6-7a,L,6,7a,1
1928,44,LCOR-6-8,L,6,8,1
1929,44,LCOR-6-9,L,6,9,1
1930,44,LCOR-6-9a,L,6,9a,1
1931,44,LCOR-6-10,L,6,10,1
1932,44,LCOR-6-11,L,6,11,1
1933,44,LCOR-6-11a,L,6,11a,1
1934,44,LCOR-6-11b,L,6,11b,1
1935,44,LCOR-6-12,L,6,12,1
1936,44,LCOR-7-1,L,7,1,1
1937,44,LCOR-7-1a,L,7,1a,1
1938,44,LCOR-7-1b,L,7,1b,1
1939,44,LCOR-7-2,L,7,2,1
1940,44,LCOR-7-3,L,7,3,1
1941,44,LCOR-7-4,L,7,4,1
1942,44,LCOR-7-4a,L,7,4a,1
1943,44,LCOR-8-1,L,8,1,1
1944,44,LCOR-8-1a,L,8,1a,1
1945,44,LCOR-8-2,L,8,2,1
1946,44,LCOR-8-3,L,8,3,1
1947,44,LCOR-8-3a,L,8,3a,1
1948,44,LCOR-8-4,L,8,4,1
1949,44,LCOR-8-4a,L,8,4a,1
1950,44,LCOR-8-5,L,8,5,1
1951,44,LCOR-8-5a,L,8,5a,1
1952,44,LCOR-8-6,L,8,6,1
1953,44,LCOR-8-6a,L,8,6a,1
1954,44,LCOR-8-7,L,8,7,1
1955,44,LCOR-8-8,L,8,8,1
1956,44,LCOR-8-9,L,8,9,1
1957,44,LCOR-8-10,L,8,10,1
1958,44,LCOR-8-10a,L,8,10a,1
1959,44,LCOR-8-11,L,8,11,1
1960,44,LCOR-8-12,L,8,12,1
1961,44,LCOR-8-12a,L,8,12a,1
1962,44,LCOR-8-12b,L,8,12b,1
1963,44,LCOR-8-12c,L,8,12c,1
1964,44,LCOR-8-13,L,8,13,1
1965,44,LCOR-8-14,L,8,14,1
1966,44,LCOR-9-1,L,9,1,1
1967,44,LCOR-9-2,L,9,2,1
1968,44,LCOR-9-3,L,9,3,1
1969,44,LCOR-9-4,L,9,4,1
1970,44,LCOR-9-5,L,9,5,1
1971,44,LCOR-9-6,L,9,6,1
1972,44,LCOR-9-7,L,9,7,1
1973,44,LCOR-9-8,L,9,8,1
1974,44,LCOR-9-9,L,9,9,1
1975,44,LCOR-9-10,L,9,10,1
1976,44,LCOR-9-11,L,9,11,1
1977,44,LCOR-9-12,L,9,12,1
1978,44,LCOR-9-13,L,9,13,1
1979,44,LCOR-9-14,L,9,14,1
1980,44,LCOR--,AV,,,
1986,11,EN1-2-5,L,2,5,
1987,11,EN1-2-5a,L,2,5a,
1988,11,EN1-2-6,L,2,6,
1989,11,EN1-2-7,L,2,7,
1990,11,EN1-2-8,L,2,8,
1991,11,EN1-2-9,L,2,9,
1992,11,EN1-2-10,L,2,10,
1993,11,EN1-2-11,L,2,11,
1994,11,EN1-2-11a,L,2,11a,
1995,11,EN1-5-13,L,5,13,
1996,11,EN1-5-14,L,5,14,
1997,11,EN1-5-15,L,5,15,
1998,11,EN1-6-6,L,6,6,
1999,11,EN1-6-11,L,6,11,
2000,11,EN1-6-13,L,6,13,
2001,11,EN1-6-13a,L,6,13a,
2002,11,EN1-6-14,L,6,14,
2003,11,EN1-6-15,L,6,15,
2004,11,EN1-6-15a,L,6,15a,
2005,11,EN1-6-17,L,6,17,
2006,11,EN1-6-19,L,6,19,
2007,11,EN1-6-19a,L,6,19a,
2008,11,EN1-6-21,L,6,21,
2009,11,EN1-6-21a,L,6,21a,
2010,11,EN1-6-21b,L,6,21b,
2011,11,EN1-7-3,L,7,3,
2012,11,EN1-7-5,L,7,5,
2013,11,EN1-7-6,L,7,6,
2014,11,EN1-8-1,L,8,1,
2015,11,EN1-8-3,L,8,3,
2016,11,EN1-8-3a,L,8,3a,
2017,11,EN1-8-7,L,8,7,
